original_branch	archive_branch	commit	tree
codex/core-relay-destination-guard	codex/archive/research-2026-10-02/core-relay-destination-guard	3166ab672d347cdcc5a6768bc77056cd8ec38323	789e3d261afbb403087ae651edc3057b8b8c44ef
codex/core-relay-destination-guard-red	codex/archive/research-2026-10-02/core-relay-destination-guard-red	cd612a5546f2a1a6a5926c58b6061141acbe21c6	3a2f64555425df8c2c0a1a27e99a69adf58158aa
codex/core-relay-guard-closeout	codex/archive/research-2026-10-02/core-relay-guard-closeout	84992aaf312290932d239c7aa0b501af59a2367a	41e2d2559e2d0ab69e8ab2f8224b459e86da65bc
codex/core-tun-control-head	codex/archive/research-2026-10-02/core-tun-control-head	6dce45e745da2b796e10266423f9a8d0f9cb28fe	9ead916a6929364ec74fc4c7acdd784b3a11678e
codex/core-tun-control-head-red	codex/archive/research-2026-10-02/core-tun-control-head-red	d0cf2e0b36b7831cfb81ea0000af9a3fd4c18894	f44ce90bff5e1740aad51ffdec4cd3556e644192
codex/core-tun-head-integration	codex/archive/research-2026-10-02/core-tun-head-integration	6e90dbf102e5c93d56c531b87eea1858c4a8e61e	c854697611fcf0d1bb3d1fb61c9348bc72a63922
codex/core-udp-gso-integration	codex/archive/research-2026-10-02/core-udp-gso-integration	3a1f3d9fc840a37a7649448a042bf44035bfaf7b	850cb43b4a29c96aac83635ec57e497dfbe02846
codex/issue4-gso-fallback-red	codex/archive/research-2026-10-02/issue4-gso-fallback-red	f2123fd3083079516435a04f49d1f61a8fea1c9b	0b5b9bd442c42dd3528cf487120c192eda639eb4
codex/issue4-natural-cohort	codex/archive/research-2026-10-02/issue4-natural-cohort	d396140d0b21cb05670f4f7be2e52abc65df4e01	e9fbd35af7c12d58c5dbbe365a8030528390d9e1
codex/issue4-packaged-comparison	codex/archive/research-2026-10-02/issue4-packaged-comparison	5c8d8b729403ee8bbf1145ed4a5c57dac029bc02	26d6bf960335baf7726a22cb00f282ef4bd06fd1
codex/issue4-udp-fixture	codex/archive/research-2026-10-02/issue4-udp-fixture	100a10d8fb1e23e59f99786c2f9cec6a06677c44	1f63eb96d582e38eeb41e849295b432c9f56f612
ci/issue-4-diagnosis-20260916	codex/archive/research-2026-10-02/ci/issue-4-diagnosis-20260916	a658039a45fff794d4312e3dba5fcd6aa19d4fb7	1a551fd0057f7c9193e9d00b454465f134dbcbaa
docs/secure-relay-issue-2-proposal	codex/archive/research-2026-10-02/docs/secure-relay-issue-2-proposal	2f98eec7f8bef6c4cdb711a1431f23e98965893e	0243724c013c1e70687f6f988633bfed852c6e29
advisor/pr-001-thread-safe-metrics-throughput	codex/archive/research-2026-10-02/advisor/pr-001-thread-safe-metrics-throughput	c12b73e1ae5fc052edea5ceffa8b87088435c150	b75f7ad4556f01d8b8c6fca9f82df04704ca11d1
advisor/pr-002-bound-peer-rpc-queues	codex/archive/research-2026-10-02/advisor/pr-002-bound-peer-rpc-queues	82c66acc233e0d5047c083b64f07c9155e5aac6b	998f325d1b0a91a96bfccc7621e7ac29395e2c21
